id,titulo,descricao,inicio_inscricoes,fim_inscricoes,orgao,tema,modalidade,carga_horaria,curso_gratuito,valor_curso,oferece_bolsa,valor_bolsa,requisitos_bolsa,publico_alvo,oferece_certificado,pre_requisitos,info_complementares,created_at
18,Curso de idosos,"**Cuidador de Idosos: Uma Jornada de Aprendizado e Cuidado**

Este curso completo oferece a você a oportunidade de se tornar um cuidador de idosos qualificado e compassivo, preparado para atender às necessidades físicas e emocionais daqueles que requerem assistência em sua jornada de envelhecimento.  Aprenda a proporcionar um cuidado humanizado e profissional, construindo relações de confiança e respeito com os idosos e suas famílias.

**Desenvolva habilidades essenciais para:**

* **Auxiliar nas atividades da vida diária:**  Domine técnicas para auxiliar na higiene pessoal, alimentação, mobilidade, administração de medicamentos (conforme prescrição médica) e outras atividades cotidianas, garantindo o conforto e a segurança do idoso.

* **Compreender as necessidades específicas do envelhecimento:** Aprenda sobre as mudanças físicas, cognitivas e emocionais associadas ao envelhecimento, desenvolvendo a sensibilidade e a empatia necessárias para lidar com diferentes situações.

* **Promover a saúde e o bem-estar:**  Descubra estratégias para estimular a independência, a socialização e o bem-estar físico e mental dos idosos, contribuindo para uma melhor qualidade de vida.

* **Comunicar-se efetivamente:** Aprenda a estabelecer uma comunicação clara e respeitosa com idosos, familiares e equipe multidisciplinar, facilitando o entendimento e a colaboração.

* **Lidar com situações desafiadoras:** Desenvolva habilidades para lidar com situações complexas, como alterações de humor, resistência a cuidados e emergências, de forma segura e profissional.

* **Criar um ambiente seguro e acolhedor:** Aprenda a identificar e minimizar riscos domésticos, promover a segurança no ambiente domiciliar e criar um espaço confortável e estimulante para o idoso.

**Público-alvo:**

Este curso é ideal para pessoas que desejam ingressar na área de cuidado de idosos,  familiares que buscam aprimorar seus conhecimentos e habilidades para cuidar de seus entes queridos, e profissionais que desejam se especializar no atendimento à população idosa.

**Diferenciais do curso:**

* **Conteúdo prático e atualizado:**  Abordagem focada nas necessidades do mercado de trabalho, com aulas práticas e exemplos reais.
* **Instrutores experientes:** Equipe de profissionais qualificados com ampla experiência na área de cuidado de idosos.
* **Material didático completo:**  Acesso a materiais de apoio, apostilas e recursos online para complementar o aprendizado.

**Invista em sua carreira e faça a diferença na vida de quem precisa. Inscreva-se agora mesmo!**",2025/09/10,2025/09/11,"Secretaria Municipal de Integridade, Transparência e Proteção de Dados - SMIT",Saúde,Online,40 ,sim,,nao,,,Cuidadores de idosos ou interessados,nao,,RG ou CPF,10-09-2025 13:19:13
